company_id,name,registered_address_1,registered_address_2,registered_address_suite,registered_address_city,registered_address_country_id,country_registered,registered_address_zipcode,telephone_no,alternate_tele_no,fax_no,billing_address_1,billing_address_2,billing_address_suite,billing_address_city,billing_address_country_id,billing_address_zipcode,billing_telephone_number,billing_alt_telephone_no,logo_url,web_adr,overview,registration_date,active_untill_date,company_state,subscription_package,remaining_job_credit,total_user_subscription,registered_address_state,billing_address_state,contact_person_id,billing_phone_type_id,billing_alt_phone_type_id,phone_type_id,company_admin,alt_phone_type_id,email_id,sector_id,sectorname,industry_id,industryname,company_size_id,companysize,telephone_no_code,telephone_code,alternate_tele_no_code,billing_telephone_number_code,billing_alt_telephone_no_code,doc_url,is_public
501,Douala Design Hotel,"Douala, Cameroon",,,Douala,38,nationality.cameroon,,679713690,679713690,,"Douala, Cameroon",,,Douala,38,,679713690,679713690,501_photo.jpg,,,7/13/17 16:19,11/30/18 0:00,1,,,,Littoral Region,Littoral Region,3430,3,1,3,eduardo.matheus@foreskin.tk,1,gm@doualadesignhotel.com,1,Consumer Discretionary,5,"Hotels, Restaurants & Leisure",2,"Small 11 - 100 employees",38,237,38,38,38,,t
515, Sogea-Satom Cameroon,Douala Cameroon,,,Douala,38,nationality.cameroon,,697214412,697214412,,Douala Cameroon,,,Douala,38,,697214412,697214412,515_photo.jpg,,,7/15/17 8:51,11/30/18 0:00,1,,,,Littoral Region,Littoral Region,3445,3,1,3,dhioco@chibakenma.ml,1,info@sogeasatom-cameroon.com,6,Industrials,40,Construction & Engineering,2,"Small 11 - 100 employees",38,237,38,38,38,,t
735,BEBOTRA SL,B/Banapa,,,Malabo,66,nationality.equatorial.guinea,,222533934,555533934,,B/Banapa,,,Malabo,66,,222533934,555533934,735_photo.jpg,,,8/9/17 15:04,11/30/18 0:00,1,,,,Bioko Norte,Bioko Norte,3974,1,1,1,bbohopo@bebotra.com,1,info@bebotra.com,6,Industrials,45,Professional Services,1,"Micro < 10 employees",66,240,66,66,66,,t
